id,name
1716047138658843,Water Treatment Plant
215343825145859,Social Club
131962450204676,Car Dealership
180117982029833,Costume Shop
184266718279692,Christian Church
191523214199822,Environmental Conservation
150432221681325,Dvd Video Store
156982297694225,Wildlife Sanctuary
162648480454674,Fairground
627651640670228,Podcast
139225689474222,Spa Beauty Personal Care
164243073639257,Topic Hotel
188166377871384,Armed Forces
121989644542468,Waste Management
2223,Tools Equipment
1618392255156255,Drug Addiction Treatment Center
152339818172592,Insurance Agent
191173027579272,Wedding Planning
192338537450532,Trade School
192021210817573,Public Relations
1201,Song
166443590070313,Pregnancy Childbirth Service
186564191378474,Cleaning Service
169056916473899,Broadcasting Media Production
132521440149062,Storage Service
816612951820333,Metal Steel Company
856055631167537,Literary Arts
144873802247220,Cosmetics Beauty Supply
133436743388217,Topic Arts Entertainment
124816677590074,Contractor
237892996595065,Investment Bank
284922938257468,Pawn Shop
150944301629503,Real Estate Investment
1154837367920704,Medical Service
197289820310880,Home
162920420424772,Retirement Assisted Living Facility
1546827428955819,Machine Shop
124622240942151,Housing Homeless Shelter
197888373555475,Printing Service
842783295865930,Political Candidate
1207,Music Video
557045641143373,Design
2232,Baby Kids
150534008338515,Barbecue Restaurant
1108,Producer
1109,Movie Writer
189323644423254,Agricultural Service
151969488199865,Bridge
1153901557995608,Supermarket
1113,Fictional Character
1114,Movie Character
220974118003804,Military Base
181053558607965,Youth Organization
534316996770910,Dui Lawyer
161785987204191,Bail Bonds
134381433294944,Pharmacy
1211,Record Label
872817116184676,Psychotherapist
167954166588517,Diner
190189837667432,Mobile Homes
200121186665577,Police Station
187686707929197,Resort
906318742830192,Orthodontist
262627527430257,Gutter Cleaning Service
181815448531059,Symphony
1574325646194878,Agriculture
1730236023904374,Home Services
1048446685209115,Tax Lawyer
110113695730808,Chicken Restaurant
128784863859103,Home Inspection
866898430141631,Game Publisher
192647794097278,Topic Home Decor
1695505857377984,Real Estate Company
132003726865268,Pediatrics
668989353286788,Civilization Museum
153535891368765,Automation Services
871941916244102,Fashion
151676848220295,Education
174177802634376,Hair Salon
145118935550090,Medical Health
149998721725634,Automotive Repair
1065597503495311,Software Company
598325583660176,Womens Health Clinic
192134360811676,Church
169581916792003,Travel Services
133152263416981,Hospital
2200,Company
2201,Product Service
2202,Website
192985434070895,Private Investigator
188573091164316,Pet Store
188234584533149,Topic Doctor
2206,Bags Luggage
2209,Clothing
152367304818850,Transportation Service
2211,Software
2213,Electronics
133381803394214,Tax Preparation
2216,Building Mats
400062273344681,Engineering Service
124698237604010,Recreational Vehicle Dealer
649601621908651,Social Media Company
2220,Household Supplies
191328180890797,Carpet Flooring Store
187133811318958,Topic Business Services
136191809788079,Mortgage Brokers
1200,Album
2248,Consulting Company
2226,Jewelry Watches
187679647929203,Collectibles Store
1204,Music Instrument
1205,Music General
2230,Pet Supplies
2231,Sports Outdoors
1208,Concert Tour
200019523363001,Food Beverage Service Distribution
2234,Bank Financial Company
2235,Ngo
2236,Insurance Company
1213,Music Chart
2238,Energy Company
2239,Retail Company
2240,Auto Company
2241,Industrials Company
149803325077018,American Restaurant
2243,Health Company
150732438316813,Antique Store
2245,Mining Company
2246,Farming Company
162878243763233,Commercial Real Estate
1080127208741064,Personal Injury Lawyer
2250,Education Company
2252,Food Company
2253,Telecom
1033987526649038,Auto Detailing Service
153614521358541,Criminal Lawyer
2256,Internet Company
2258,Travel Company
2262,Vitamin Supplements
132328993501399,Counseling Mental Health
2255,Computer Company
121549447920861,Acupuncture
124814294258910,Employment Agency
188977087789280,Paving Asphalt Service
1072995232790754,Neurologist
1723986644540644,Immigration Lawyer
186998168001766,Private School
964585346994407,Sports
193831710644458,Italian Restaurant
2224,Wine Spirits
214416301907154,Eco Tours
233804719972590,Bar Grill
128003127270269,Bike Shop
218341394934388,State
200253979990258,Convenience Store
162479300468980,Corporate Lawyer
161516070564222,Financial Services
2025086974383657,Legal Services
144386572288836,Bus Station
1290986887644410,Media Show
197048876974331,Topic Book Store
2300,Game
2301,App
2303,Board Game
139386576124160,Public Services
108427109235243,Topic Home Improvement
197817313562497,Topic Museum
181363338568345,Juvenile Law
185600691480842,Tanning Salon
625688294262999,Automotive Dealership
193245447371023,Adoption Service
170241263022353,Mens Clothing Store
999176653484307,Fitness Boot Camp
1300,Book
1301,Author
211381282212118,Financial Planning
164886566892249,Advertising Agency
194127957280024,Vintage Store
198327773511962,Topic Real Estate
1307,Magazine
1309,Book Series
986118931495301,Fabric Store
193508567343323,Petroleum Services
150815208309028,Farm
1086422341396773,Apparel
261213210912085,Science Museum
103436486409265,Orchestra
1817904601806120,Video Creator
589423051230505,Vitamin Supplement Shop
1704452319818029,Addiction Service
109527622457518,Shopping Mall
1039977252754736,Nursing Agency
853312078105992,Amphitheater
197384240287028,Art Gallery
199377230079198,Mexican Restaurant
186911214686518,Petting Zoo
220626791295805,Amusement Park Ride
865117100300601,Recreation Fitness Venue
1756049968005436,Ecommerce Website
179672275401610,Business Consultant
114253171987086,Marine Equipment
109594239116608,Insurance Broker
161422927240513,Government Organization
282281972123162,Live Music Venue
1339497709413701,Addiction Treatment Center
152880021441864,Community Organization
162264673824073,Specialty Grocery Store
1555301504771639,Therapist
2500,Local
187462324610381,Food Consultant
169896676390222,Topic Library
199438050070864,Interior Designer
139197659476308,Screen Printing Embroidery
152142351517013,Corporate Office
187070794658134,Wholesale Supply Store
187716201260376,Real Estate Lawyer
186573994697103,Writing Service
1757592557789532,Advertising Marketing
128966563840349,Topic Airport
212369748779358,Texmex Restaurant
200600219953504,Topic Shopping Retail
2401,City
191647907538150,Gift Shop
128268517241197,Environmental Consultant
192507514101309,Automotive Wholesaler
216161991738736,Campus Building
530126207179123,Construction Company
163300367054197,Seafood Restaurant
1400,Tv Show
243290832429433,Commercial Industrial
1402,Tv Network
1404,Tv Channel
1080612391976317,Visual Arts
144982405562750,Pet Service
197995016883073,Nutritionist
139745066094977,Business Center
110186619064706,Comedy Club
139976092733827,Accountant
132778023455109,Malpractice Law
1601,Artist
199405806739848,Public School
192803624072087,Fast Food Restaurant
192775991124365,Labor Union
209889829023118,Topic Landmark
163431627040738,Boat Service
188296324525457,Sandwich Shop
145988682478380,Credit Union
124555004283973,Masonry
170721982973337,Episcopal Church
299288747078724,Financial Consultant
184395321600410,Cargo Freight
199797140033948,Educational Consultant
139460309451166,Religious Center
499741296896069,Cocktail Bar
193705277324704,Topic Event Planning
110249975723427,Topic Office Supplies
179905035385252,Mosque
150681761655205,Fire Station
108287585916424,Motorcycle Repair
214297118585256,Consulate Embassy
211987392145473,Health Spa
2219,Furniture
128184253916402,Loans
153297678056879,Law Enforcement
2632,Pet
176831012360626,Topic Professional Services
180164648685982,Bands Musicians
128232937246338,Travel Transportation
165245226927543,Commercial Industrial Equipment
163581277042500,Topic Lake
1742050506043834,Shaved Ice Shop
943469559038367,Theatrical Play
471120789926333,Professional Gamer
633265613494517,Defense Company
193064780713408,Methodist Church
170968163319233,Community Services
1061943827220930,Personal Assistant
124701514268099,Property Management
185881398118852,Lobbyist
1784293938474260,Theatrical Productions
806240166180298,Environmental
496121607250568,Orthopedists
164595956925901,Day Care Preschool
140112669728206,Distillery
206284062724685,Roofer
1782121698686371,Nature Preserve
199819723365845,Baptist Church
137420212991446,Peruvian Restaurant
192511100766680,Movie Theatre
1758092431143387,Performing Arts
191921914160604,Educational Research
124947834245370,Tourist Information
110218445719092,Patrol Security
2233,Media News Company
150060378385891,Topic Appliances
1105,Movie
1605186416478696,Brand
197871390225897,Cafe
254436211591182,Cannabis Clinic
193005947395563,Divorce Family Lawyer
1087341731339756,Comfort Food Restaurant
1643933949261293,Solar Energy Company
180781665291519,Dating Service
1706730532910578,Internet Marketing Service
193302624020981,Sports Instruction
1210,Radio Station
196739023685716,Real Estate Agent
1032965636792826,Government Building
174187662626299,Dentist
361282040719868,Blogger
180931928610132,Medical Research
128753240528981,Womens Clothing Store
128853933850116,Landscaping
1022050661163852,Finance
187062101324297,Addiction Resources
110290705711626,Topic Bar
373543049350668,Political Organization
145925682134541,Home Theater Store
1566895303614991,Technology Company
176803072363608,Sky Diving
1030515153650195,Talent Agent
592405957634580,Service Apartments
134088753324121,Automobile Leasing
270971946329420,Prison Correctional Facility
186982054657561,Topic Sports Recreation
203916779633178,Dance Instruction
1602034176774683,Actor
1644814599176740,Skin Care Services
2405,Neighborhood
1223524174334504,Automotive Services
2601,School
2602,University
2603,Non Profit
143491166059053,Medical Equipment Supplier
2606,Cause
188031587886173,Jewelry Store
174483852595760,Chinese Restaurant
116306972128008,General Dentist
1562965077339698,Food Beverage
136412456432179,Shopping District
2612,Community
134015953331113,Convention Center
557570947763767,Fence Gate Contractor
2618,Political Party
191684877517919,Topic Publisher
2620,Political Ideology
188462984509706,Auto Body Shop
1600,Athlete
138265209910849,Surgeon
1602,Person
1604,Journalist
1605,News Personality
1606,Chef
200209719995975,Business Supply Service
2713,Science Site
1610,Comedian
273819889375819,Restaurant
1613,Teacher
1614,Dancer
1805,Sports Event
133576170041936,Bank
1617,Entrepreneur
135930436481618,Lounge
1745728339006036,Weight Loss Center
792007097567368,Band
181216025249367,Apartment Condo Building
147714868971098,Public Services Government
150148928375567,Biotechnology
1728747447366202,Business
201787963175866,Religious Book Store
109578329118821,Massage
110207655727714,Public Square
161521487230197,Solar Energy Service
180256082015845,Pizza Place
369730359717478,Topic Other
161467220570897,Book Magazine Distribution
1311987892149312,Boat Tour Agency
1708896199364202,Sunglasses Eyewear Store
110107385737667,New American Restaurant
192686080759400,Vacation Home Rental
129327030469234,Ice Skating
210261102322291,Meeting Room
196021933757044,Dermatologist
176960322351733,Mediterranean Restaurant
124907487582838,Medical Supplies
378970035464823,Modern Art Museum
436846369665656,Public Utility
132227236842772,Internal Medicine
1802051720039034,Food Delivery Service
150820404974203,Motorcycles
190108547677820,Janitorial Service
177892565587583,Funeral Service
185127444860544,Accessories Store
191334714243008,Chemicals Gasses
203246076360322,Auditorium
148906328500868,Hardware Store
175898962454294,Dog Training
217642725408390,Community College
152220181857729,Bags Luggage Store
170810676298376,Animal Shelter
133510666716809,Comic Book Store
165156546872599,Abortion Services
2700,Personal Blog
2701,Arts Site
2702,Biz Site
162068413843305,Veterinarian
2704,Edu Site
2705,Entertainment Site
199165013440146,Beach
211579738882707,Video Games
2708,Home Site
2709,News Site
2710,Rec Site
2711,Ref Site
192781160749720,Chiropractor
185900881450649,Personal Coaching
2714,Society Site
2715,Travel Site
196357563722974,Oil Lube Filter Service
186546178044573,Medical Lab
540275259509408,Pediatric Dentist
2716,Kids Site
187724814583579,Casino
1700,Politician
1701,Government Official
187827497907070,Bakery
175272389190311,Healthcare Administrator
206714069358248,Psychologist
1734714626805417,Art Tour Agency
196547683690201,Mission
174832985894571,Yoga Pilates
213577718658733,Investing Service
192422584121096,Auction House
209630435729071,Winery Vineyard
2205,Car
1739517886317334,Career Counselor
436168419731123,City Hall
1720316034885300,Motivational Speaker
188620891159326,Automotive Manufacturing
1335670856447673,Musician
180816211956170,Cultural Gifts Store
199236533423806,Beauty Salon
173883042668223,Theatre
1626402524354240,Pharmaceutical Company
200046713342752,Shopping Service
150590361670906,Home Security
1314020451960517,Media
128673187201735,Coffee Shop
181885068517499,Physical Therapist
179943432047564,Topic Concert Venue
1719867628280173,Videographer
176527262444235,Farmers Market
185032388204011,First Aid Class
152248208162513,Educational Camp
181550638549454,Hairpieces Extensions
152088421520086,Market Research Consultant
1143366362371705,Commercial Truck Dealer
189018581118681,Sports Club
1172028072841628,Plastic Manufacturer
199512783398620,Computer Store
162845797101278,Furniture Store
184405378265823,Gym
170992992946914,Marketing Consultant
180833545285725,Carpenter
144835265576678,Architect
115725465228008,Region
198325860180715,Martial Arts
182923418412354,Franchising Service
192316870798061,Optometrist
110321355709642,Bed And Breakfast
200863816597800,Ice Cream Parlor
203693296307954,Southern Restaurant
181811248521973,Child Care
384382644921530,Art Museum
199734546726648,Beach Resort
228143393877753,Medical Center
281507032196735,Media Agency
199182823425834,Electrician
198722103478014,Health Food Store
1212,Music Award
113914582020990,Family Doctor
124736910930693,Recruiter
177721448951559,Workplace Office
1800,Sports League
180302115349257,Gun Store
1802,Coach
1803,Amateur Team
1804,School Team
145296352197250,Tutoring
355728847806223,County
196941987012177,Limo Service
108366235907857,Topic Newspaper
177939525582614,Pest Control
186236611410712,Blood Bank
181045748599578,Personal Trainer
187393124625179,Web Design
124861974254366,Topic Tours Sightseeing
1758418281071392,Local Services
219222658110242,Smoothie Juice Bar
1215982301785137,Meditation Center
756092301147942,Performance Art
1588880211410039,Transit System
596582600510249,Festival
153635828025130,Arts Crafts Supply Store
200639493285676,Nondenominational Church
1130035050388269,Information Technology Company
506276026224430,Home Health Care Service
180410821995109,Topic Automotive
186230924744328,Clothing Store
192644094099081,Dmv
184925784880952,Synagogue
433034116710064,Bike Rental Bike Share
188953757794108,Signs Banner Service
239455319478077,Urban Farm
139433292785470,Caterer
197796476897760,Fire Protection
129417183848258,Topic Just For Fun
2244,Aerospace Company
623704114455366,Clothing Company
132852590115660,Topic Kitchen Supplies
198367566846946,Steakhouse
259302561091976,Horse Trainer
203654586323143,Medical Spa
110152272401235,High School
2900,Science
175647552480085,Catholic Church
976586885773142,Recycling Facility
2903,Art
179702475405145,Bankruptcy Lawyer
109512302457693,Shoe Store
187215161312096,Internet Service Provider
191969860827280,Photographic Services Equipment
1072337919501155,Atv Dealer
226326230802065,Charity Organization
181475575221097,Topic Photographer
1071626812928876,Opera House
2706,Gov Site
1734919436761966,Cardiologists
115090141929327,Park
224426430990363,Food Truck
189687247721960,Disability Services
2707,Health Site
163090273743732,Commercial Bank
170386086340798,Church Of God
163102447071743,Ambulance Rescue
2263,Drugs
2621,Animal
241113486274430,Legal
751682678308160,Investment Management Company
505091123022329,Hotel Lodging
494338820719492,Scientist
198532213496709,Labor Employment Law
169706939742581,Scuba Diving
180551801986954,Preschool
180001142041484,Wills Estate Lawyer
150108431712141,Topic Food Grocery
124668097604494,Senior Center
149044025154029,Passport Visa Service
192625037432720,Real Estate Service
2712,Regional Site
370369022981015,Movie Television Studio
144657392262041,Family Medicine Practice
153490828039067,Outdoor Equipment Store
127772663958428,Obgyn
124581960948637,Tire Dealer
188780244476392,Plastic Surgery
152275908161439,Gun Range
199832016699296,Property Law
189334414420898,Party Center
374540316003475,Uniform Supplier
198632653485894,Audiovisual Equipment
187425207958280,Burger Restaurant
205429726142620,Thrift Or Consignment Store
187714557925874,Religious Organization
244600818962350,History Museum
2717,Personal Site
175657495818161,Tour Guide
183037088401331,Nursing Home
144971758897076,Specialty School
196285793716152,Damage Restoration Service
132219350176698,Heating Ventilating Air Conditioning
144535972273084,Brewery
296862927058877,Community Center
162914327091136,Travel Agency
139492049448901,Automotive Parts Accessories
165823830131654,Sporting Goods Store
192119584190796,Topic Event
178867352155084,Plumber
1350536325044173,Gaming Video Creator
184460441595855,Sports Bar
162203750496209,Oncologist
139462872784035,Lutheran Church
1784467105117322,Fashion Model
110121459069433,Courthouse
2400,Country
357645644269220,Alternative Holistic Health
288846958171402,Boutique Store
182582091788254,Bowling Alley
162645523784869,Home Window Service
196820813663200,Lighting Fixtures
218693881483234,Pub
145208072207332,Real Estate Title Development
2214,Health Beauty
169758603141095,Barber Shop
649092431904745,Water Utility Company
123377808095874,Marketing Agency
1596337297362924,House Painter
211063415594061,Pho Restaurant
466770490196975,Electric Utility Provider
109976259083543,Sports Venue Stadium
1099402320124913,Law Firm
297544187300691,Science Engineering
191478144212980,Night Club
164409566941435,Arcade
178669642178193,Social Services
198503866828628,Organization
191612347546618,Bartending Service
199833073363963,Liquor Store
1500,Activity General
179576078750378,Fashion Designer
166419966738430,Dj
183013211744255,Recreation Center
