name,nyu_id
Adjumani District,1
Tacuarembó Department,2
Luwero District,3
Samara Oblast,4
Najran Region,5
Zlín Region,6
Ruvuma,7
Kemps Bay,8
Penang,9
Benishangul-Gumuz Region,10
Diana Region,11
Yobe State,12
Dalarna County,13
Vestfold,14
Kyustendil Province,15
Wan Chai District,16
Saint David Parish,17
Alytus County,18
Salamat Region,19
Yardymli District,20
Nana-Mambere,21
Zagreb County,22
Parwan Province,23
El Bayadh Province,24
Loroum,25
Lorraine,26
Coamo,27
Mara,28
Distrito Nacional,29
Vĩnh Phúc Province,30
Ehime Prefecture,31
Kebili Governorate,32
Ceará,33
Al Buraimi Governorate,34
Laamu Atoll,35
Tombali Region,36
Kırıkkale Province,37
Yap,38
Tierra del Fuego,39
Central Luzon,40
Hokkaido,41
Matabeleland North Province,42
Gozo,43
Suphan Buri,44
Kvemo Kartli,45
Shumen Province,46
La Libertad Region,47
Kabul Province,48
Central Sava Statistical Region,49
Maio,50
Fromager,51
Manatí,52
Boulkiemde,53
Çankırı Province,54
Kalangala District,55
Saint Andrew Parish,56
Islas Canarias,57
Tozeur Governorate,58
Ouargla Province,59
Amasya Province,60
Loja Province,61
Cayo District,62
Buskerud,63
Tak,64
Banwa,65
Boquerón department,66
Gnaviyani Atoll,67
Central District ,68
Cayey,69
Mongar District,70
Saint Peter Basseterre,71
Kayes Region,72
Raa Atoll,73
Flevoland,74
Lovech Province,75
Naranjito,76
Kamwenge District,77
Uttarakhand,78
Sipaliwini District,79
Kirov Oblast,80
Saint James Parish,81
Bengo Province,82
Central Ostrobothnia,83
Nampula Province,84
Fejér County,85
West Kalimantan,86
Rankovce Municipality,87
Sant Julià de Lòria,88
Lobaye,89
Trà Vinh Province,90
Jambi,91
Korçë County,92
Seti Zone,93
Pwani,94
Namayingo District,95
Lower Silesian Voivodeship,96
Vas County,97
Aragatsotn Province,98
Krapina-Zagorje County,99
Oudomxay Province,100
Bitlis Province,101
Guayama,102
Guatemala Department,103
West Java,104
Zakarpattia Oblast,105
Doukkala-Abda,106
Shaviyani Atoll,107
Bretagne,108
Al-Qassim Province,109
Bulisa District,110
Nueva Esparta,111
Pemba North,112
Tsirang District,113
Ajloun Governorate,114
Negros Occidental,115
Tamanrasset Province,116
Muscat Governorate,117
Upper Takutu-Upper Essequibo,118
Moka District,119
Chaguanas,120
Tuva,121
Koulpelogo,122
Kosovo,123
Virovitica-Podravina County,124
Beni Suef Governorate,125
Thừa Thiên–Huế Province,126
Nasarawa State,127
Sheki,128
Nakapiripirit District,129
Puducherry,130
Antalya Province,131
Central Region,132
Akershus,133
Qacha's Nek District,134
Morazán Department,135
Vladimir Oblast,136
South Sumatra,137
Monufia Governorate,138
Santiago Metropolitan Region,139
Malampa Province,140
Brest Region,141
Tuen Mun District,142
Alibori Department,143
Naouri,144
Region of Murcia,145
Bimini,146
Hậu Giang Province,147
Potosí Department,148
Ocotepeque Department,149
Morobe Province,150
Jegunovce Municipality,151
Varaždin County,152
Trentino-Alto Adige,153
Planken,154
Rondônia,155
Yên Bái Province,156
Lai Châu Province,157
Arkansas,158
Tokyo,159
Manzini Region,160
Islamabad Capital Territory,161
Mityana District,162
San Sebastián,163
Ialomița County,164
Gyeongsangbuk-do,165
Palmerston Island,166
Plav Municipality,167
East Nusa Tenggara,168
Malacca,169
Isabela,170
Lefkoşa District,171
Savanes Region,172
Wadi Fira Region,173
Haskovo Province,174
Gaafu Alif Atoll,175
Jämtland County,176
County Meath,177
Zadar County,178
West Sulawesi,179
Yerevan,180
West Region,181
Chișinău,182
Montevideo Department,183
Lankaran,184
Sa Kaeo,185
Kgatleng District,186
Oromia Region,187
Guárico,188
Tripoli District,189
Lipkovo Municipality,190
Westfjords,191
North-West District,192
Sveti Nikole Municipality,193
Scrub Island,194
Tokushima Prefecture,195
Kolašin Municipality,196
Ariana Governorate,197
Collines Department,198
Ghazni Province,199
Loreto Region,200
San Juan,201
Ciales,202
Querétaro Arteaga,203
Catamarca,204
Zanzibar Central,205
Newfoundland and Labrador,206
Irbid Governorate,207
Oslo,208
Dar es Salaam,209
Sihanoukville Province,210
Kamphaeng Phet,211
Monte Cristi Province,212
Kurzeme Region,213
Colonia Department,214
Chiba Prefecture,215
Heifa,216
Mohale's Hoek District,217
Novo Selo Municipality,218
Omsk Oblast,219
Basel-Landschaft,220
Drava Statistical Region,221
Penza Oblast,222
Labé Region,223
Mie Prefecture,224
Liberec Region,225
Fribourg,226
Khövsgöl Province,227
Saint Louis,228
Wong Tai Sin District,229
Amuria District,230
Capital Region of Denmark,231
Carlow,232
Amman Governorate,233
Setúbal District,234
Orange Walk District,235
Rukungiri District,236
Buryatia,237
Uppsala County,238
Jafara,239
Jeollanam-do,240
Khulna Division,241
Huambo Province,242
Bucharest,243
Chikwawa District,244
Dauphin,245
Sironko District,246
Kyzylorda Region,247
Cidra,248
Hyōgo Prefecture,249
Tulcea County,250
Nakhon Phanom,251
Mae Hong Son,252
Sălaj County,253
Central River Division,254
Ogooué-Ivindo Province,255
Nord Department,256
Saarland,257
Čaška Municipality,258
Emirate of Sharjah,259
Dennery,260
Yaracuy,261
Orenburg Oblast,262
Kandal Province,263
Valandovo Municipality,264
Dowa District,265
Lira District,266
Strășeni District,267
Karakalpakstan,268
Brazzaville,269
Saint Joseph,270
Gostivar Municipality,271
Düzce Province,272
Marj District,273
Sukhothai,274
Bijelo Polje Municipality,275
Gwangju,276
Banten,277
Freeport,278
Texas,279
Assam,280
Urozgan Province,281
Ioba,282
Kerala,283
Solothurn,284
Kukës County,285
Kolhumadulu Atoll,286
Toa Baja,287
Malaita Province,288
Aosta Valley,289
Bulgan Province,290
Negeri Sembilan,291
Satakunta,292
São Nicolau,293
Lamphun,294
Kapchorwa District,295
Manicaland Province,296
O'Higgins Region,297
Hedmark,298
Saint Elizabeth Parish,299
Gao Region,300
Budaka District,301
Volta Region,302
England,303
Vermont,304
Punjab region,305
Nord-Ouest Department,306
Seal Island,307
Bắc Ninh Province,308
Sédhiou Region,309
Košice Region,310
Santa Cruz Department,311
Ma'rib Governorate,312
Gävleborg County,313
Tolima,314
Abruzzo,315
Santo Domingo Province,316
Komondjari,317
Mardin Province,318
Mouhoun,319
Addu Atoll,320
Gangwon-do,321
Afyonkarahisar Province,322
Zambezia Province,323
Santarém District,324
Bạc Liêu Province,325
Diyarbakır Province,326
Sikkim,327
Aargau,328
Daejeon,329
Atiu,330
Demerara-Mahaica,331
Csongrád County,332
Sliven Province,333
Moscow Oblast,334
Dubăsari District,335
Elbasan County,336
Retalhuleu Department,337
Södermanland County,338
Thurgau,339
La Altagracia Province,340
Muthanna Governorate,341
Stara Zagora Province,342
Diffa Region,343
Jakarta,344
Cunene Province,345
La Rioja,346
Caqueta,347
Sololá Department,348
Gitega Province,349
Sisak-Moslavina County,350
Omusati Region,351
Médéa Province,352
Moyo District,353
Pichincha Province,354
Zarqa Governorate,355
Sing Buri,356
Veles Municipality,357
Nkhotakota District,358
Moyen-Chari Region,359
Hodh Ech Chargui Region,360
Baghlan Province,361
Kigali,362
Pegu,363
Kasese District,364
Toledo District,365
Eastern Province,366
Concepción Department (Paraguay),367
Hela Province,368
Butaleja District,369
Bakool,370
Zala County,371
Ohrid Municipality,372
Coast Province,373
Rakhine State,374
Zanzibar North,375
Gash-Barka Region,376
Cần Thơ,377
Lerik District,378
North Kalimantan,379
Qaasuitsup,380
Sơn La Province,381
Bingöl Province,382
Vega Alta,383
Northern Region,384
Namangan Region,385
Bududa District,386
Aragón,387
Southern Province,388
Risaralda,389
Bolu Province,390
Tainan,391
Navoiy Region,392
Kamuli District,393
Samtskhe-Javakheti,394
Sánchez Ramírez Province,395
Georgia,396
Northern Province,397
Espaillat Province,398
Delta State,399
Bolívar (state),400
Chiriquí Province,401
Mulanje District,402
Plateaux Region,403
Nong Bua Lam Phu,404
Prince Edward Island,405
Magadan Oblast,406
Bayan-Ölgii Province,407
Phongsaly Province,408
Erzincan Province,409
La Romana Province,410
Salyan District,411
Faryab Province,412
Paktika Province,413
Yuen Long District,414
Tuy,415
North Kazakhstan Region,416
Kamchatka Krai,417
Minsk Region,418
County Cork,419
Aguadilla,420
Bay,421
Oddar Meanchey Province,422
Łódź Voivodeship,423
Alaotra-Mangoro,424
New Providence,425
Saga Prefecture,426
Khánh Hòa Province,427
Pennsylvania,428
Đắk Nông Province,429
Vieques,430
Wisconsin,431
Schwyz,432
County Leitrim,433
Central Province,434
Chechnya,435
Galguduud,436
Kaluga Oblast,437
Guanajuato,438
Ouaddaï Region,439
Azua Province,440
Nui,441
Nonthaburi,442
Burdur Province,443
New Brunswick,444
Cartago Province,445
Bistrița-Năsăud County,446
Şanlıurfa Province,447
Ho Chi Minh City,448
Basse-Normandie,449
Świętokrzyskie Voivodeship,450
Ulcinj Municipality,451
Farwaniya Governorate,452
Galápagos Province,453
Valverde Province,454
Svay Rieng Province,455
Övörkhangai Province,456
Neuchâtel,457
Amuru District,458
Dakar Region,459
Mukono District,460
Presidente Hayes Department,461
Southern Ostrobothnia,462
Indiana,463
Shefa Province,464
Nineveh Governorate,465
North Dakota,466
County Westmeath,467
Tacloban,468
Taichung,469
Herat Province,470
Saint Lawrence,471
Brandenburg,472
Madeira,473
Hato Mayor Province,474
Southwest Region,475
Rize Province,476
Centrale Region,477
Inchiri Region,478
Alagoas,479
Azuay Province,480
Poltava Oblast,481
Manisa Province,482
Luapula Province,483
Sool,484
Zaporizhia Oblast,485
Basilicata,486
Cerro Largo Department,487
Mari El,488
Silesian Voivodeship,489
Mila Province,490
Tete Province,491
Jabal al Gharbi District,492
Alberta,493
Chandigarh,494
Kagera,495
Central Finland,496
Fokis,497
Kon Tum Province,498
Sétif Province,499
Norte de Santander,500
Zagreb,501
Dibër County,502
Cesar,503
Cao Bằng Province,504
Gabú Region,505
Assaba Region,506
Uttar Pradesh,507
Adrar Province,508
Ubon Ratchathani,509
Southern Red Sea Region,510
Saint George Parish,511
Ticino,512
Sinoe County,513
Khentii Province,514
Zealand Region,515
Muyinga Province,516
Federation of Bosnia and Herzegovina,517
Hanover Parish,518
Agdash District,519
Borkou Region,520
Samdrup Jongkhar District,521
Centre Region,522
Värmlands Län,523
Awdal,524
Kédougou Region,525
Moyen-Cavally,526
Wexford,527
Chernihiv Oblast,528
Shanghai,529
Western Province ,530
Kadiogo,531
Tarija Department,532
Bokeo Province,533
Ankara Province,534
Nakhchivan Autonomous Republic,535
Kiev Oblast,536
Imereti,537
Yauco,538
Municipality of Mavrovo and Rostuša,539
Isingiro District,540
Mbeya,541
Kaberamaido District,542
Nebraska,543
Adjara,544
Laghouat Province,545
Bangkok,546
Meta,547
San Germán,548
Southern Aegean,549
North Sinai Governorate,550
Amolatar District,551
Anjouan,552
Viseu District,553
Saint David,554
Dix-Huit Montagnes,555
Tatarstan,556
Cayman Brac,557
Paphos District,558
Queensland,559
Harghita County,560
Worodougou,561
Talas Region,562
Matagalpa Department,563
Saint James,564
Pará,565
Beau Vallon,566
Barinas,567
Saint Martin,568
Huila,569
Ziguinchor Region,570
Belait District,571
Hîncești District,572
Qusar District,573
Pointe-Noire,574
Bougouriba,575
Vavaʻu,576
Canillo,577
Hunedoara County,578
Madre de Dios Region,579
Komi Republic,580
Kharkiv Oblast,581
Hajigabul District,582
Osaka Prefecture,583
Gourma,584
Saint Thomas Lowland,585
Juncos,586
Comayagua Department,587
Sinop Province,588
Azad Kashmir,589
Saare County,590
Ibanda District,591
Morona-Santiago Province,592
Guadalcanal Province,593
Shamkir District,594
Jizan Region,595
Rhode Island,596
Odessa Oblast,597
Araucanía Region,598
Amoron'i Mania,599
Aydın Province,600
West New Britain Province,601
Shandong,602
ǁKaras Region,603
Auvergne,604
Eysturoy,605
Chhattisgarh,606
Nairobi,607
Alaska,608
Saint Philip Parish,609
Lagunes,610
North-East Region,611
Viana do Castelo District,612
Shimane Prefecture,613
Sana'a Governorate,614
Maranhão,615
Pohjois-Savo,616
Mordovia,617
Central Sulawesi,618
Koboko District,619
Austral Islands,620
Jammu and Kashmir,621
Southeast Slovenia Statistical Region,622
Artigas Department,623
Taoyuan City,624
Grand Kru County,625
Beylagan District,626
Adrar Region,627
Dakhlet Nouadhibou Region,628
Fresh Creek,629
Chari-Baguirmi Region,630
Sohag Governorate,631
Liaoning,632
Sindh,633
Satu Mare County,634
Astrakhan Oblast,635
Utrecht,636
Ilinden Municipality,637
Minnesota,638
Mogila Municipality,639
Centre,640
Zug,641
Zamboanga Peninsula,642
Ilocos Region,643
Madang Province,644
Haryana,645
County Laois,646
Pella,647
Zondoma,648
Montana,649
Chaiyaphum,650
Nisporeni District,651
Umm Salal,652
Kweneng District,653
Ayutthaya,654
Hà Nam Province,655
Anabar District,656
Chongqing,657
Cà Mau Province,658
Basse-Kotto,659
Niuas,660
Canton of St. Gallen,661
Saint Mark Parish,662
Monastir Governorate,663
Limassol District,664
Bam,665
Ntchisi District,666
Kursk Oblast,667
Capital District,668
Takéo Province,669
Laghman Province,670
Santander,671
Narathiwat,672
Chiradzulu District,673
Dadra and Nagar Haveli,674
Escuintla Department,675
Wadi al Hayaa District,676
Larnaca District,677
Gulf Province,678
Jayuya,679
Nevada,680
Fukuoka Prefecture,681
Irkutsk Oblast,682
Koh Kong Province,683
Samarqand Region,684
Leova District,685
Isparta Province,686
Saint Catherine Parish,687
Guánica,688
Koprivnica-Križevci County,689
Điện Biên Province,690
Picardie,691
Mehedinți County,692
Aust-Agder,693
Boaco Department,694
Karlovy Vary Region,695
Groningen,696
Copperbelt Province,697
Andorra la Vella,698
Dubrovnik-Neretva County,699
Kırklareli Province,700
Quintana Roo,701
Poni,702
Plzeň Region,703
Barranquitas,704
Toa Alta,705
Antofagasta Region,706
Tadla-Azilal,707
Mwanza District,708
Taza-Al Hoceima-Taounate,709
Elías Piña Province,710
Wallonia,711
Nógrád County,712
Sergipe,713
Al Rayyan,714
Varna Province,715
Khakassia,716
Ziro,717
Vinnytsia Oblast,718
Fatick Region,719
West Kazakhstan Region,720
Phangnga,721
Central Province ,722
Batha Region,723
Valparaíso Region,724
Guizhou,725
San Miguel Department,726
Mon State,727
Kwara State,728
Anosy Region,729
Capital Governorate,730
Gradsko Municipality,731
Ulyanovsk Oblast,732
Mangystau Region,733
Derna District,734
Kurgan Oblast,735
Sabaragamuwa Province,736
Charlotte,737
Cacheu Region,738
Riyadh Region,739
Eastern Region,740
Pärnu County,741
Karonga District,742
Aguascalientes,743
Sumqayit,744
Kaduna State,745
Dhawalagiri Zone,746
Boyaca,747
Mpigi District,748
Vâlcea County,749
Port of Spain,750
Guerrero,751
Bouïra Province,752
Perak,753
Western Greece,754
Northern Governorate,755
Bourgogne,756
Rayong,757
Kuna de Madugandí,758
Paraguarí Department,759
Ceiba,760
Nana-Grebizi,761
Australian Capital Territory,762
Mashonaland East Province,763
Northwestern Region,764
Quetzaltenango Department,765
Rakai District,766
Al Mahrah Governorate,767
San José Province,768
Micoud,769
Minya Governorate,770
Matabeleland South Province,771
Silistra Province,772
Rezina District,773
Vaitupu,774
Mwanza,775
Quảng Ninh Province,776
Stockholm County,777
Sissili,778
Goriška Statistical Region,779
Paraná,780
Guayas Province,781
Trinity Palmetto Point,782
South Sulawesi,783
Sfax,784
North Western Province,785
Daşoguz Region,786
Manica Province,787
Mudug,788
Shaanxi,789
Mashonaland Central Province,790
Norrbotten County,791
Cairo Governorate,792
Misiones,793
Kalmar County,794
Municipality of Centar (Skopje),795
Lampung,796
El Progreso Department,797
Katsina State,798
Centar Župa Municipality,799
Kerry,800
M'Sila Province,801
El Oro Province,802
Suchitepéquez Department,803
Olt County,804
Kompienga,805
Serravalle,806
Yatenga,807
Busia District,808
Cibitoke Province,809
Kayah State,810
Western Australia,811
Selenge Province,812
Ngäbe-Buglé Comarca,813
Quảng Nam Province,814
Lubusz Voivodeship,815
Andaman and Nicobar Islands,816
Eastern District,817
Bissau,818
Sava Region,819
Ishikawa Prefecture,820
Phetchabun,821
Cataluña,822
Huánuco Region,823
Ad Dhahirah Governorate,824
Western Highlands Province,825
Jendouba Governorate,826
Fălești District,827
Constantine Province,828
Soum,829
Chon Buri,830
Plovdiv Province,831
Tunis Governorate,832
Heredia Province,833
Saratov Oblast,834
Stung Treng Province,835
Gevgelija Municipality,836
Tyumen Oblast,837
Anambra State,838
Cuanza Norte Province,839
Osun State,840
Lindi,841
KwaZulu-Natal,842
Missouri,843
Colorado,844
Midi-Pyrénées,845
Arkhangai Province,846
Kidal Region,847
Manouba Governorate,848
Rožaje Municipality,849
Chai Nat,850
Sîngerei District,851
Saint Mary,852
Saint Philip,853
Chimaltenango Department,854
Aichi Prefecture,855
Hà Nội,856
Rizal,857
Kalbajar District,858
Westmoreland Parish,859
Sichuan,860
Sulaymaniyah Governorate,861
Rukwa,862
Vologda Oblast,863
Cordoba,864
Masaka District,865
Limón Province,866
Carchi Province,867
Green Turtle Cay,868
Bartın Province,869
Darkhan-Uul Province,870
Central Denmark Region,871
El Seibo Province,872
Võru County,873
East Kazakhstan Region,874
Barima-Waini,875
Lạng Sơn Province,876
Guidimaka Region,877
South Bohemian Region,878
Mount Lebanon Governorate,879
Kagawa Prefecture,880
Tochigi Prefecture,881
Aveiro District,882
Podkarpackie Voivodeship,883
Central Visayas,884
San Cristóbal Province,885
Chanthaburi,886
Roscommon,887
Lower Sava Statistical Region,888
Zambezi Region,889
Grand Cape Mount County,890
North Sulawesi,891
Ömnögovi Province,892
Intibucá Department,893
Nakasongola District,894
Cañar Province,895
Saint George Gingerland,896
Municipality of Sopište,897
Mayo-Kebbi Est Region,898
Hodh El Gharbi Region,899
Berovo Municipality,900
Roraima,901
Longwood,902
Chin State,903
Independencia Province,904
Udmurtia,905
Pomeranian Voivodeship,906
Quảng Bình Province,907
Artibonite Department,908
Central Governorate,909
Badghis Province,910
Hiiu County,911
Baa Atoll,912
Neno District,913
Sabah,914
Mayaguana,915
Barceloneta,916
San Salvador Department,917
Haute Matsiatra,918
Debub Region,919
Tibet Autonomous Region,920
Sandys Parish,921
Darién Province,922
Jilin,923
Presov,924
Kavango West,925
Autonomous Region of Bougainville,926
Ontario,927
Choiseul,928
Orellana Province,929
Volyn Oblast,930
Vágar,931
Sibiu County,932
Connecticut,933
North Karelia,934
Basel-City,935
Pazardzhik Province,936
Rajasthan,937
Lampang,938
Plateau Department,939
Haa Alif Atoll,940
Kotido District,941
Namutumba District,942
Trelawny Parish,943
Hessen,944
Medenine Governorate,945
Balkan Region,946
Fukushima Prefecture,947
Panevėžys County,948
Novosibirsk Oblast,949
Zangilan District,950
Rocha Department,951
Arizona,952
Monseñor Nouel Province,953
El Taref Province,954
Békés County,955
Mahdia Governorate,956
Durazno Department,957
Dobrich Province,958
Boa Vista,959
Chlef Province,960
Jujuy,961
Dhi Qar Governorate,962
Constanța County,963
Sangha-Mbaere,964
Machinga District,965
Peravia Province,966
Split-Dalmatia County,967
Limpopo,968
Kumi District,969
Sanaag,970
Buenos Aires,971
Butnan District,972
Iganga District,973
Puebla,974
Şırnak Province,975
Cuyuni-Mazaruni,976
Kemo,977
New Mexico,978
Kabardino-Balkaria,979
Santa Bárbara Department,980
Çorum Province,981
Atyrau Region,982
Pasco Region,983
Alif Alif Atoll,984
Ayacucho Region,985
Sangha Department ,986
Järva County,987
Abkhazia,988
Bishkek,989
Oryol Oblast,990
Arica y Parinacota Region,991
Michigan,992
Ségou Region,993
Yau Tsim Mong District,994
Al Wahat District,995
Basarabeasca District,996
Sagaing,997
Puerto Plata province,998
Hawaii,999
North Sumatra,1000
Southern Peninsula,1001
Kratié Province,1002
Tolna County,1003
Ali Sabieh Region,1004
Emilia-Romagna,1005
Acquaviva,1006
Tombouctou Region,1007
Cundinamarca,1008
Coahuila de Zaragoza,1009
Makamba Province,1010
Van Province,1011
Saint Georges,1012
Trujillo,1013
Primorje-Gorski Kotar County,1014
La Massana,1015
Grand Port District,1016
La Condamine,1017
Guaynabo,1018
Gelderland,1019
Nevşehir Province,1020
Atsimo-Andrefana,1021
Pader District,1022
Quthing District,1023
Belize District,1024
Baranya County,1025
Gedo,1026
Tafilah Governorate,1027
Noumbiel,1028
Couva-Tabaquite-Talparo Regional Corporation,1029
South Carolina,1030
Yunnan,1031
Distrito Especial,1032
South Province,1033
Equatoria,1034
Gurabo,1035
Adygea,1036
Edineț District,1037
Seoul,1038
Comunidad Valenciana,1039
Champagne-Ardenne,1040
Ashanti Region,1041
Călărași District,1042
Colón Department,1043
Ninh Bình Province,1044
Argeș County,1045
Matrouh Governorate,1046
Utuado,1047
Belgorod Oblast,1048
Saint Thomas Middle Island,1049
Noonu Atoll,1050
Saint Luke Parish,1051
Fès-Boulemane,1052
Syunik Province,1053
Cabo Delgado Province,1054
Sisaket,1055
Alexandria Governorate,1056
Demir Kapija Municipality,1057
Nimruz Province,1058
Islands District,1059
Al Anbar Governorate,1060
North Bank Division,1061
Fuzuli District,1062
Salavan Province,1063
Shabran District,1064
Prey Veng Province,1065
Jharkhand,1066
Gorgol Region,1067
Nelson Province,1068
Agsu District,1069
Casanare,1070
Satun,1071
Roi Et,1072
Kaliro District,1073
Kelantan,1074
Río Negro Department,1075
Șoldănești District,1076
Căușeni District,1077
Prilep Municipality,1078
Northern Division,1079
West Coast,1080
Maryland County,1081
Isabel Province,1082
Vaupes,1083
Kilimanjaro,1084
Grouville,1085
Quảng Ngãi Province,1086
Cavan,1087
Goygol District,1088
Graubünden,1089
El Oued Province,1090
Tirana County,1091
Souss-Massa-Drâa,1092
Galicia,1093
Boumerdès Province,1094
Sanguie,1095
Salcedo,1096
Jõgeva County,1097
Eskişehir Province,1098
Chumphon,1099
Louga Region,1100
Bắc Giang Province,1101
Balochistan,1102
Bugiri District,1103
Sainyabuli Province,1104
Trinity,1105
Tianjin,1106
Yamagata Prefecture,1107
Nakhon Nayok,1108
Smith's Parish,1109
Aiwo District,1110
Sicilia,1111
Karbinci Municipality,1112
Ebonyi State,1113
Nyanga Province,1114
Friesland,1115
Jalal-Abad Region,1116
Sousse Governorate,1117
Praslin,1118
Töv Province,1119
Jinja District,1120
Dhaalu Atoll,1121
Giza Governorate,1122
Unknown,1123
Camuy,1124
Wakayama Prefecture,1125
Lempira Department,1126
Gros-Islet,1127
Brod-Posavina County,1128
Grodno Region,1129
Limburg,1130
Hajjah Governorate,1131
Agdam District,1132
Capital Region,1133
Dojran Municipality,1134
Rakahanga,1135
Paramaribo District,1136
Diyala Governorate,1137
Luhansk Oblast,1138
Saint John Parish,1139
Balakan District,1140
Calabarzon,1141
Djibouti ,1142
Lesser Poland Voivodeship,1143
Baja Verapaz Department,1144
Bengkulu,1145
Canton of Glarus,1146
Porto District,1147
Blida Province,1148
Yalova Province,1149
Govi-Altai Province,1150
Makira-Ulawa Province,1151
Oro Province,1152
Baoruco Province,1153
Monagas,1154
Districts of Republican Subordination,1155
Đắk Lắk Province,1156
Ucayali Region,1157
Niutao,1158
Escaldes-Engordany,1159
Municipality of Pehčevo,1160
Briceni District,1161
Fukui Prefecture,1162
Västra Götaland County,1163
Misiones Department,1164
Yabucoa,1165
Xinjiang,1166
Xiangkhouang Province,1167
Soroti District,1168
Trashigang District,1169
Abyan Governorate,1170
Al-Qādisiyyah Governorate,1171
Etelä-Savo,1172
Federal Capital Territory,1173
Western Region,1174
Algiers Province,1175
County Monaghan,1176
Colón Province,1177
Caguas,1178
Oruro Department,1179
Kaffrine Region,1180
Durrës County,1181
Relizane Province,1182
Rostov Oblast,1183
Iowa,1184
Ahmadi Governorate,1185
Magdalena,1186
Hubei,1187
Khizi District,1188
Timiș County,1189
Rivière du Rempart District,1190
Phayao,1191
Uva Province,1192
Nanumanga,1193
Khenchela Province,1194
Guaviare,1195
Istria County,1196
Masally District,1197
Penrhyn,1198
Bas-Sassandra,1199
Iringa,1200
Cuvette-Ouest Department,1201
Central Java,1202
Rock Sound,1203
Limerick,1204
Kansas,1205
Bong County,1206
Oklahoma,1207
Kyenjojo District,1208
Gazi Baba Municipality,1209
Upper Carniola Statistical Region,1210
Sembabule District,1211
Sofia Region,1212
Adana Province,1213
Sofia City Province,1214
Harari Region,1215
Tunapuna-Piarco Regional Corporation,1216
Preah Vihear Province,1217
Glodeni District,1218
Hamburg,1219
Ararat Province,1220
Ghor Province,1221
Arta Region,1222
Central Bohemian Region,1223
Amazonas,1224
Region of Southern Denmark,1225
Municipality of Krivogaštani,1226
Guairá Department,1227
Nkhata Bay District,1228
Nunavut,1229
Penama Province,1230
Telenești District,1231
Misrata District,1232
Khovd Province,1233
Wicklow,1234
Pallisa District,1235
New Valley Governorate,1236
Tiền Giang Province,1237
Daegu,1238
Karnali Zone,1239
North Governorate,1240
Samut Prakan,1241
Primorsky Krai,1242
Niger State,1243
Nicosia District,1244
Veracruz,1245
Kampong Cham Province,1246
Évora District,1247
Canton of Geneva,1248
Paktia Province,1249
Telemark,1250
Batangas City,1251
Torba Province,1252
Valle Department,1253
Djelfa Province,1254
Colima,1255
North Carolina,1256
Vlorë County,1257
Samsun Province,1258
Prachuap Khiri Khan,1259
Long Island,1260
Thimphu District,1261
Sør-Trøndelag,1262
Balzers,1263
Ulsan,1264
Petén Department,1265
Alto Paraná Department,1266
Dhofar Governorate,1267
Kosrae,1268
Møre og Romsdal,1269
Gabès Governorate,1270
Vakaga,1271
Clarendon Parish,1272
Tabuk Region,1273
Karpoš Municipality,1274
Shiga Prefecture,1275
Carazo Department,1276
Maradi Region,1277
Caazapá Department,1278
Tula Oblast,1279
Ida-Viru County,1280
North Ossetia–Alania,1281
Chukha District,1282
Paysandú Department,1283
Tsuen Wan District,1284
Dodoma,1285
Nord-Pas-de-Calais,1286
Coquimbo Region,1287
Zaire Province,1288
Saint John,1289
Pernik Province,1290
Ombella-Mpoko,1291
Cimișlia District,1292
Wakiso District,1293
Schaffhausen,1294
Yukon,1295
Maldonado Department,1296
Kunduz Province,1297
East Region,1298
Gagauzia,1299
Kingston Parish,1300
Las Marías,1301
East Region ,1302
Soccsksargen,1303
Sumy Oblast,1304
Central District,1305
Arecibo,1306
Taipei,1307
Östergötland County,1308
Dokolo District,1309
Pool Department,1310
Haut-Sassandra,1311
Ialoveni District,1312
Bouenza Department,1313
Shirvan (city),1314
Mubende District,1315
Kahramanmaraş Province,1316
Tivat Municipality,1317
Vaduz,1318
Zardab District,1319
Chelyabinsk Oblast,1320
Oriental,1321
Pernambuco,1322
Loíza,1323
Jozjan Province,1324
Qazakh District,1325
Yamanashi Prefecture,1326
Tel Aviv,1327
Madriz Department,1328
Agadez Region,1329
Kocaeli Province,1330
Sirdaryo Region,1331
Kavango East,1332
Dolj County,1333
Siliana Governorate,1334
Annobón Province,1335
Oudalan,1336
Schaan,1337
Temotu Province,1338
Bumthang District,1339
Coastal–Karst Statistical Region,1340
Nayala,1341
Transnistria,1342
Jabal al Akhdar,1343
Cuscatlán Department,1344
Bayburt Province,1345
Sligo,1346
Río Grande,1347
Tigray Region,1348
Maracha District,1349
Banská Bystrica Region,1350
Sverdlovsk Oblast,1351
Paget Parish,1352
Ninh Thuận Province,1353
Santa Catarina,1354
Narayani Zone,1355
Anibare District,1356
Yagha,1357
Bender,1358
Dohuk Governorate,1359
Saint Saviour,1360
Zawiya District,1361
Kankan Region,1362
Kolda Region,1363
Schleswig-Holstein,1364
Baja California Sur,1365
Morovis,1366
Danilovgrad Municipality,1367
Szabolcs-Szatmár-Bereg County,1368
Makedonska Kamenica Municipality,1369
Red Sea Governorate,1370
Taiz Governorate,1371
Kandahar Province,1372
Lapland (Finland),1373
Boeny,1374
Tabasco,1375
Canterbury,1376
Bagmati Zone,1377
Baden-Württemberg,1378
Northwestern Province,1379
Rogaland,1380
Maritime Region,1381
Guangxi,1382
Vilnius County,1383
Culebra,1384
Otago,1385
Saada Governorate,1386
Kwai Tsing District,1387
Ntungamo District,1388
Maharashtra,1389
Mamou Region,1390
Tongatapu,1391
Petrovec Municipality,1392
Beijing,1393
Ordu Province,1394
Zabaykalsky Krai,1395
Ghanzi District,1396
Armavir Province,1397
Kırşehir Province,1398
Beja District,1399
Kymenlaakso,1400
Grand Casablanca,1401
Mohéli,1402
Litoral Province,1403
Karan State,1404
Flemish Region,1405
Logar Province,1406
Ağrı Province,1407
Opole Voivodeship,1408
Guna Yala,1409
Cantemir District,1410
Marowijne District,1411
Marijampolė County,1412
Bilecik Province,1413
Apure,1414
La Pampa,1415
Michoacán de Ocampo,1416
Karaman Province,1417
Soufriere,1418
Donegal,1419
Kapisa Province,1420
Gandaki Zone,1421
Musandam Governorate,1422
Lezhë County,1423
Bangui,1424
Eastern Highlands Province,1425
Kenedougou,1426
Barahona Province,1427
Illinois,1428
Hormigueros,1429
Muğla Province,1430
Choco,1431
Western Division,1432
Los Ríos Region,1433
Bolama Region,1434
Madaba Governorate,1435
Ondo State,1436
Andijan Region,1437
Nghệ An Province,1438
Luxembourg District,1439
Hưng Yên Province,1440
Saint Patrick,1441
La Libertad Department,1442
Las Piedras,1443
Labuan,1444
Phatthalung,1445
Ntcheu District,1446
El Paraíso Department,1447
Plateaux Department ,1448
Lower Austria,1449
Fergana Region,1450
Rio Grande do Norte,1451
Khojavend District,1452
Saitama Prefecture,1453
Tai Po District,1454
Wanica District,1455
Rivera Department,1456
Đồng Nai Province,1457
Toledo,1458
Valga County,1459
Kilis Province,1460
Prague,1461
Ekiti State,1462
Souk Ahras Province,1463
Faro District,1464
Mendoza,1465
Qeqqata,1466
Central Department,1467
Sermersooq,1468
Vatovavy-Fitovinany,1469
Penal-Debe Regional Corporation,1470
Leningrad Oblast,1471
Herceg Novi Municipality,1472
Tagant Region,1473
Ruyigi Province,1474
Västerbottens Län,1475
Jufra District,1476
Edirne Province,1477
Siem Reap Province,1478
Bahia,1479
San Vicente Department,1480
Baguio,1481
Janakpur Zone,1482
Bié Province,1483
Goranboy District,1484
Appenzell Innerrhoden,1485
Bafing,1486
Littoral Region,1487
Carabobo,1488
Bryansk Oblast,1489
La Unión Department,1490
Shaki District,1491
Bauchi State,1492
Ghardaïa Province,1493
Canton of Obwalden,1494
Konya Province,1495
Bogovinje Municipality,1496
Zabul Province,1497
Al Sharqia Governorate,1498
Corse,1499
Astara District,1500
Otjozondjupa Region,1501
Hawke's Bay,1502
Wellington Region,1503
Somali Region,1504
Guria,1505
Aragua,1506
Iași County,1507
Tébessa Province,1508
Zhytomyr Oblast,1509
Ratchaburi,1510
Dhamar Governorate,1511
Niamey,1512
Diourbel Region,1513
Guarda District,1514
Brașov County,1515
Gadabay District,1516
Veszprém County,1517
Incheon,1518
Kaunas County,1519
Bandundu,1520
New Jersey,1521
Magwe,1522
Samukh District,1523
Oppland,1524
Mandoul Region,1525
Portalegre District,1526
Conakry,1527
Karnataka,1528
Nikšić Municipality,1529
Kars Province,1530
Streymoy,1531
Coclé Province,1532
Malatya Province,1533
Oghuz District,1534
Lyantonde District,1535
Damietta Governorate,1536
Lika-Senj County,1537
Zelenikovo Municipality,1538
Jiangsu,1539
Central Division,1540
Arkhangelsk Oblast,1541
Taranaki,1542
Gharb-Chrarda-Béni Hssen,1543
Atlantique Department,1544
Prachin Buri,1545
Sakhalin Oblast,1546
Ratanakiri Province,1547
Nordland,1548
Dundgovi Province,1549
Cabañas Department,1550
Mbale District,1551
Principality of Asturias,1552
Comunidad de Madrid,1553
Pardubice Region,1554
Nalut District,1555
Miyagi Prefecture,1556
Kuala Lumpur,1557
Nabatieh Governorate,1558
Central Macedonia,1559
Municipality of Vrapčište,1560
Sokoto State,1561
Middle Juba,1562
North Eastern Province,1563
Milne Bay Province,1564
Thanh Hóa Province,1565
Lop Buri,1566
Bomi County,1567
County Tipperary,1568
Saint John Capisterre,1569
Zaqatala District,1570
Mafraq Governorate,1571
Príncipe,1572
Goychay District,1573
Dashkasan District,1574
Washington,1575
Gafsa Governorate,1576
Western Visayas,1577
Jahra Governorate,1578
Kampong Speu Province,1579
Tomsk Oblast,1580
Manitoba,1581
Dâmbovița County,1582
Hoima District,1583
South Australia,1584
Dornogovi Province,1585
Little Cayman,1586
Haiphong,1587
Stann Creek District,1588
Rajshahi Division,1589
Paro District,1590
Bicol Region,1591
Basra Governorate,1592
Kiboga District,1593
Special Region of Yogyakarta,1594
Chaouia-Ouardigha,1595
Maluku,1596
Sabirabad District,1597
Mary Region,1598
Perlis,1599
Lombardia,1600
Amhara Region,1601
Ulan Bator,1602
Caraga,1603
Orhei District,1604
Kuyavian-Pomeranian Voivodeship,1605
Kayseri Province,1606
Île-de-France,1607
Dagana District,1608
Lhaviyani Atoll,1609
Wyoming,1610
West Sumatra,1611
Trarza Region,1612
South Karelia,1613
Negotino Municipality,1614
Khomas Region,1615
Saint Anne Sandy Point,1616
Tokat Province,1617
North Province,1618
Chontales Department,1619
Kaabong District,1620
Maekel Region,1621
Leeward Islands ,1622
Ismailli District,1623
Ștefan Vodă District,1624
Jerusalem,1625
Mokhotlong District,1626
Mecklenburg-Vorpommern,1627
Banjul,1628
Gujarat,1629
Oshikoto Region,1630
Ohangwena Region,1631
Thiès Region,1632
Khabarovsk Krai,1633
Lower River Division,1634
Doha,1635
Esmeraldas Province,1636
Kabarole District,1637
Midlands Province,1638
Biombo Region,1639
Kirkuk Governorate,1640
Atacama Region,1641
Vratsa Province,1642
Bamako,1643
Luang Namtha Province,1644
Haut-Ogooué Province,1645
Kachin State,1646
Oshana Region,1647
Guelma Province,1648
New Taipei City,1649
East Java,1650
Guelmim-Es Semara,1651
Skåne County,1652
Attapeu Province,1653
Rennell and Bellona Province,1654
Brunei-Muara District,1655
Kiruhura District,1656
Humacao,1657
Essequibo Islands-West Demerara,1658
Kayunga District,1659
Upper West Region,1660
Aswan Governorate,1661
Cuando Cubango Province,1662
Gorj County,1663
Western Cape,1664
Bălți,1665
Riau,1666
Latgale,1667
Zulia,1668
Karabük Province,1669
Melaky,1670
Malanje Province,1671
Saint Helier,1672
Erbil Governorate,1673
Caaguazú Department,1674
Alto Paraguay Department,1675
Buriram,1676
Nuevo León,1677
Savanne District,1678
Upper Demerara-Berbice,1679
Northwest Region,1680
County Louth,1681
Razgrad Province,1682
Arunachal Pradesh,1683
Ahal Region,1684
Kibale District,1685
Acklins and Crooked Islands,1686
Moyen-Ogooué Province,1687
Mérida,1688
District of Columbia,1689
St. George's Parish,1690
West Virginia,1691
Arequipa Region,1692
Languedoc-Roussillon,1693
Al Jawf Governorate,1694
Kampong Thom Province,1695
Thaba-Tseka District,1696
Mbarara District,1697
Marrakesh-Tensift-El Haouz,1698
Jalapa Department,1699
Quiché Department,1700
Castilla y Leon,1701
Nara Prefecture,1702
Mechi Zone,1703
Komoe,1704
Sidi Bel Abbès Province,1705
Eastern Cape,1706
Bioko Norte Province,1707
Lebap Region,1708
Vienna,1709
Nizhny Novgorod Oblast,1710
Blekinge County,1711
Crete,1712
Chukotka Autonomous Okrug,1713
Kirovohrad Oblast,1714
Pirkanmaa,1715
Saint Mary Cayon,1716
Southland,1717
Gombe State,1718
Gamprin,1719
Vukovar-Srijem County,1720
Saint George Basseterre,1721
N'Djamena,1722
Epirus (region),1723
Mahaica-Berbice,1724
Alta Verapaz Department,1725
Yumbe District,1726
Hordaland,1727
Central Kalimantan,1728
Zeeland,1729
Moquegua Region,1730
Virginia,1731
Atlántida Department,1732
Kanungu District,1733
Kourweogo,1734
Khojaly District,1735
Atakora Department,1736
Wadi al Shatii District,1737
Lajas,1738
Kaliningrad Oblast,1739
Balearic Islands,1740
Bujumbura,1741
Huíla Province,1742
Saramacca District,1743
Bar Municipality,1744
Hhohho Region,1745
Port Glaud,1746
País Vasco,1747
County Offaly,1748
Northern Borders Region,1749
Chihuahua,1750
Minas Gerais,1751
West Papua,1752
Berlin,1753
Sikasso Region,1754
Rapti Zone,1755
Călărași County,1756
Santo Antão,1757
Funafuti,1758
Bío Bío Region,1759
Gansu,1760
La Digue and Inner Islands,1761
Puglia,1762
Samut Songkhram,1763
Ragged Island,1764
Greater Upper Nile,1765
Leiria District,1766
Nakhon Si Thammarat,1767
Ústí nad Labem Region,1768
Apurímac Region,1769
Ouémé Department,1770
Aitutaki,1771
Pest County,1772
Akmola Region,1773
Mbomou,1774
Papua (province),1775
Northern District,1776
Haut-Mbomou,1777
Delta Amacuro,1778
Kedah,1779
Tây Ninh Province,1780
Amur Oblast,1781
Sughd Region,1782
Cauca,1783
Los Ríos Province,1784
Vĩnh Long Province,1785
Tver Oblast,1786
Republika Srpska,1787
Grand Gedeh County,1788
Alajuela Province,1789
Kayanza Province,1790
Maramureș County,1791
Southern Nations,1792
N'zi-Comoé,1793
Siazan District,1794
Chalatenango Department,1795
Salinas,1796
Cotopaxi Province,1797
Mayo-Kebbi Ouest Region,1798
Bahr el Ghazal,1799
Hamilton Parish,1800
Waikato,1801
Luzern,1802
Friuli-Venezia Giulia,1803
Zhejiang,1804
Sacatepéquez Department,1805
Ilhas,1806
Bushenyi District,1807
Kirundo Province,1808
Arno Atoll,1809
Madhya Pradesh,1810
Kiên Giang Province,1811
Guéra Region,1812
Balqa Governorate,1813
Al Batinah North Governorate,1814
Saint Thomas Parish,1815
Moravian-Silesian Region,1816
Sanma Province,1817
Coimbra District,1818
Tenasserim,1819
Yambol Province,1820
Western Region ,1821
Anse-la-Raye,1822
Dolneni Municipality,1823
Boké Region,1824
Lankaran District,1825
Niigata Prefecture,1826
Rutana Province,1827
Limousin,1828
Balkh Province,1829
Kriva Palanka Municipality,1830
Plasnica Municipality,1831
Ewa District,1832
Konče Municipality,1833
San Andres y Providencia,1834
Florida Department,1835
Northeastern Region,1836
Pavlodar Region,1837
Raymah Governorate,1838
Afar Region,1839
Kujalleq,1840
Al Wusta Governorate,1841
Sakha Republic,1842
Comerío,1843
Abim District,1844
Sekong Province,1845
Sila Region,1846
Erzurum Province,1847
Yevlakh,1848
Međimurje County,1849
Singida,1850
Plaines Wilhems District,1851
Kairouan Governorate,1852
Kagoshima Prefecture,1853
Smolyan Province,1854
Cuvette Department,1855
Radoviš Municipality,1856
Abu Dhabi,1857
Kampot Province,1858
South-East District,1859
Krasnodar Krai,1860
Heves County,1861
Vidzeme,1862
Tizi Ouzou Province,1863
Nakhon Pathom,1864
Ang Thong,1865
Tocantins,1866
Uusimaa,1867
Kakheti,1868
Yamalo-Nenets Autonomous Okrug,1869
Bukwo District,1870
Boulgou,1871
Faafu Atoll,1872
Triesen,1873
Troms,1874
Sai Kung District,1875
Makkah Region,1876
Da Nang,1877
Ñeembucú Department,1878
Far North Region,1879
Resen (municipality),1880
Ruse Province,1881
Bogdanci Municipality,1882
Zavkhan Province,1883
Grenadines,1884
Vayots Dzor Province,1885
Borsod-Abaúj-Zemplén County,1886
Kara Region,1887
Los Lagos Region,1888
Jász-Nagykun-Szolnok County,1889
South Dakota,1890
Massachusetts,1891
Šuto Orizari Municipality,1892
Asunción,1893
Autonomous Region in Muslim Mindanao,1894
Atsimo-Atsinanana,1895
Madinat ash Shamal,1896
Terengganu,1897
Utena County,1898
Santa Rosa Department,1899
Pemagatshel District,1900
Cascade,1901
Mukdahan,1902
Baja California,1903
Saint Brélade,1904
Bukhara Region,1905
Southern District,1906
Thái Bình Province,1907
María Trinidad Sánchez Province,1908
Sidi Bouzid Governorate,1909
Lipetsk Oblast,1910
Zamora-Chinchipe Province,1911
Trat,1912
Qalyubia Governorate,1913
Brakna Region,1914
Faiyum Governorate,1915
Kainuu,1916
Extremadura,1917
South Cotabato,1918
Põlva County,1919
Saint Patrick Parish,1920
Sinaloa,1921
Municipality of Kočani,1922
Chiang Rai,1923
Región Autónoma del Atlántico Norte,1924
Warwick Parish,1925
Morelos,1926
Kabale District,1927
Samaná Province,1928
Saint Thomas,1929
Vrancea County,1930
Bắc Kạn Province,1931
Lofa County,1932
Muharraq Governorate,1933
Río Negro,1934
Atlantico,1935
Niassa Province,1936
Southern Highlands Province,1937
Ogooué-Maritime Province,1938
North West,1939
Aghjabadi District,1940
Tumbes Region,1941
Punakha District,1942
Kherson Oblast,1943
Bheri Zone,1944
Vorarlberg,1945
Sofia Province,1946
Västernorrlands Län,1947
Semigallia,1948
Murzuq District,1949
Kildare,1950
San Luis Potosi,1951
Ōita Prefecture,1952
Chuvashia,1953
State of Mexico,1954
'Asir Region,1955
Littoral–Inner Carniola Statistical Region,1956
Para District,1957
Nord-Kivu,1958
Cherkasy Oblast,1959
Kuna de Wargandí,1960
Davao Region,1961
Mayagüez,1962
Guangdong,1963
Naryn Region,1964
Hajdú-Bihar County,1965
Denizli Province,1966
Wangdue Phodrang District,1967
Canindeyú Department,1968
Loei,1969
Ganja,1970
Quindio,1971
Karak Governorate,1972
Beni Department,1973
Tartar District,1974
Volgograd Oblast,1975
Central Greece (region),1976
Punjab,1977
Hawalli Governorate,1978
Altai Republic,1979
Kurdamir District,1980
Lambayeque Region,1981
Shanxi,1982
Lääne-Viru County,1983
Cuanza Sul Province,1984
Bay Islands Department,1985
Kumamoto Prefecture,1986
Tunceli Province,1987
Kilkenny,1988
Rheinland-Pfalz,1989
Ngounié Province,1990
Gjorče Petrov Municipality,1991
Bayamón,1992
Houaphanh Province,1993
Poitou-Charentes,1994
Municipality of Štip,1995
Gulu District,1996
São Tomé Island,1997
Pedernales Province,1998
Gorontalo,1999
São Paulo (state),2000
İzmir Province,2001
Santo Domingo de los Tsáchilas Province,2002
Benué State,2003
Maricao,2004
Matam Region,2005
Imo State,2006
Nugal,2007
Shirak Province,2008
Ihorombe,2009
Fier County,2010
Betsiboka,2011
Berea District,2012
Meknès-Tafilalet,2013
Neamț County,2014
Sangre Grande Regional Corporation,2015
Shinyanga,2016
Pamplemousses District,2017
Osmaniye Province,2018
Buzău County,2019
Surat Thani,2020
Phichit,2021
Inner Mongolia,2022
Likouala Department,2023
Rivière Noire District,2024
Mureș County,2025
Princes Town Regional Corporation,2026
Zürich,2027
Umm al-Quwain,2028
Zoundweogo,2029
Nuqat al Khams,2030
Corozal District,2031
Chuuk,2032
Harare Province,2033
South Kalimantan,2034
Debar Municipality,2035
Estelí Department,2036
Aqaba Governorate,2037
Rincón,2038
Dakahlia Governorate,2039
Waterford,2040
Bale,2041
Covasna County,2042
Bel Ombre,2043
Guainia,2044
Maunabo,2045
Pastaza Province,2046
Olomouc Region,2047
Jizzakh Region,2048
Laborie,2049
Schellenberg,2050
Thyolo District,2051
Phalombe District,2052
Luquillo,2053
Sardinia,2054
Andalusia,2055
Cajamarca Region,2056
Noord-Holland,2057
Chaco,2058
Samangan Province,2059
Trujillo Alto,2060
Ujar District,2061
Žabljak Municipality,2062
Rift Valley Province,2063
Lower Shebelle,2064
Blantyre District,2065
Vidin Province,2066
Moroto District,2067
Gabrovo Province,2068
Montserrado County,2069
Rosoman Municipality,2070
Ash Sharqiyah North Governorate,2071
Córdoba,2072
Putumayo,2073
Ibaraki Prefecture,2074
Marlborough Region,2075
Riga Planning Region,2076
Soroca District,2077
Usulután Department,2078
Al Bahah Region,2079
Flacq District,2080
Namentenga,2081
San Blas,2082
Dikhil Region,2083
Valais,2084
Municipality of Želino,2085
Campania,2086
Sachsen,2087
Aceh,2088
Chinandega Department,2089
Callao,2090
Karbala Governorate,2091
Northern Territory,2092
Eastern Macedonia and Thrace,2093
Vallée du Bandama,2094
Vaud,2095
Castelo Branco District,2096
Kiev,2097
Tlemcen Province,2098
Republic of Karelia,2099
Nebbi District,2100
Honiara,2101
Gauteng,2102
Zacatecas,2103
Kafr el-Sheikh Governorate,2104
Upper River Division,2105
Bioko Sur Province,2106
New Hampshire,2107
Hong Kong,2108
Oyam District,2109
Kasserine Governorate,2110
Municipality of Delčevo,2111
Artvin Province,2112
Nsanje District,2113
Miyazaki Prefecture,2114
Ogun State,2115
Free State,2116
Manawatu-Wanganui,2117
East New Britain Province,2118
Jeollabuk-do,2119
Liguria,2120
Cojedes,2121
West Coast Division ,2122
Santa Fe,2123
Kavadarci Municipality,2124
Bueng Kan,2125
Gyeonggi-do,2126
Chiquimula Department,2127
Ungheni District,2128
Adamawa State,2129
Minsk,2130
Santiago Rodríguez Province,2131
Northern Mindanao,2132
Altai Krai,2133
Suceava County,2134
Mascara Province,2135
Yozgat Province,2136
Lachin District,2137
Benguela Province,2138
Northern Ireland,2139
Meemu Atoll,2140
Tipaza Province,2141
Pattani,2142
Mersin Province,2143
Bilasuvar District,2144
Babil Governorate,2145
Rumphi District,2146
León Department,2147
Barda District,2148
Nickerie District,2149
Tamil Nadu,2150
Kalasin,2151
Shabwah Governorate,2152
Ismailia Governorate,2153
Laâyoune-Boujdour-Sakia El Hamra,2154
Bà Rịa–Vũng Tàu Province,2155
Bubanza Province,2156
Municipality of Probištip,2157
Al Jawf Region,2158
Chittagong Division,2159
Kardzhali Province,2160
Muchinga Province,2161
Dnipropetrovsk Oblast,2162
Portuguesa,2163
Piura Region,2164
Sagarmatha Zone,2165
Odisha,2166
Miranda (state),2167
Blagoevgrad Province,2168
Hebei,2169
Denguélé,2170
Piauí,2171
Amnat Charoen,2172
Tetovo Municipality,2173
Donetsk Oblast,2174
Ouham,2175
Tangier-Tetouan,2176
Wele-Nzas Province,2177
Ranong,2178
Najaf Governorate,2179
Batman Province,2180
Lâm Đồng Province,2181
Taiwan,2182
Entre Rios,2183
Izabal Department,2184
South Eastern Region,2185
Uri,2186
Santiago,2187
Oubritenga,2188
Sivas Province,2189
Lublin Voivodeship,2190
Ancash Region,2191
Valle del Cauca,2192
Sha Tin District,2193
Dorado,2194
Makedonski Brod Municipality,2195
Saint Peter,2196
Veneto,2197
Skikda Province,2198
Zaghouan Governorate,2199
Tadjourah Region,2200
Botoșani County,2201
Vientiane Province,2202
Calabria,2203
Analamanga,2204
Tambacounda Region,2205
Ardahan Province,2206
Saint Peter Parish,2207
Pohnpei,2208
Mpumalanga,2209
Kunene Region,2210
Qakh District,2211
Lavalleja Department,2212
Monaco-Ville,2213
Upper Austria,2214
Ohio,2215
Kano State,2216
Mtskheta-Mtianeti,2217
Amapá,2218
Estuaire Province,2219
Galați County,2220
Christ Church,2221
Kunar Province,2222
Hòa Bình Province,2223
Grande Comore,2224
Erongo Region,2225
Espírito Santo,2226
Canelones Department,2227
Yunlin,2228
Giurgiu County,2229
Municipality of Staro Nagoričane,2230
Istanbul Province,2231
Bolívar Province,2232
Champasak Province,2233
Samut Sakhon,2234
Neftchala District,2235
Dosso Region,2236
Sandoy,2237
Örebro County,2238
Mashonaland West Province,2239
Kié-Ntem Province,2240
Shusha District,2241
Jalisco,2242
Manipur,2243
Gracias a Dios Department,2244
Ruggell,2245
North Maluku,2246
Tripura,2247
Carriacou,2248
Saint Ouen,2249
Western Province,2250
Biskra Province,2251
San Fernando,2252
Aden Governorate,2253
Saraj Municipality,2254
Orocovis,2255
Municipality of Čučer-Sandevo,2256
Cagayan Valley,2257
Vieux-Fort,2258
Béja Governorate,2259
Dedza District,2260
Hatillo,2261
Saint Mary Parish,2262
Diego Martin Regional Corporation,2263
Mono Department,2264
Tataouine Governorate,2265
Cross River State,2266
Tuscany,2267
Villalba,2268
Francisco Morazán Department,2269
Southwest Finland,2270
Sakarya Province,2271
Battambang Province,2272
Ivano-Frankivsk Oblast,2273
Yala,2274
Bayelsa State,2275
Elazığ Province,2276
Tottori Prefecture,2277
Oaxaca,2278
Greater Accra Region,2279
Bình Thuận Province,2280
Karlovac County,2281
Cankuzo Province,2282
Formosa,2283
Tucuman,2284
Metro Manila,2285
Municipality of Čair,2286
Jaluit Atoll,2287
Phú Thọ Province,2288
Narino,2289
Bari,2290
Kisela Voda Municipality,2291
Lares,2292
Kwajalein Atoll,2293
Lilongwe District,2294
Maputo Province,2295
Tbilisi,2296
Pleven Province,2297
Goiás,2298
Managua Department,2299
Kanchanaburi,2300
Al Bayda Governorate,2301
Vinica Municipality,2302
Kinshasa,2303
Piedmont,2304
Vega Baja,2305
San José de Ocoa Province,2306
British Columbia,2307
Samtse District,2308
Bas-Congo,2309
Santa Elena Province,2310
Baie Sainte Anne,2311
Durango,2312
Grand Bassa County,2313
T'bilisi,2314
Győr-Moson-Sopron County,2315
Lacs,2316
Southern Governorate,2317
Debarca Municipality,2318
Amambay Department,2319
Lubombo Region,2320
Exuma,2321
Nakhon Ratchasima,2322
Jijel Province,2323
Tlaxcala,2324
Jabrayil District,2325
Port Moresby,2326
Taraclia District,2327
Al Daayen,2328
Centre Department,2329
Mangochi District,2330
Mostaganem Province,2331
Manafwa District,2332
San Lorenzo,2333
Famagusta District,2334
Demir Hisar Municipality,2335
Corrientes,2336
Tobago,2337
Osijek-Baranja County,2338
Tasman District,2339
Imbabura Province,2340
Bali,2341
Halland County,2342
Corozal,2343
Central Slovenia Statistical Region,2344
Gnagna,2345
Faranah Region,2346
Krabi,2347
Pomeroon-Supenaam,2348
Nagaland,2349
Tabora,2350
Nord-Trøndelag,2351
Logone Oriental Region,2352
Coronie District,2353
Vila Real District,2354
Voronezh Oblast,2355
Al Mahwit Governorate,2356
Drochia District,2357
An Giang Province,2358
Lumbini Zone,2359
Braganca,2360
Azores,2361
Busan,2362
Idaho,2363
Peñuelas,2364
Ilfov County,2365
Salta,2366
Nabeul Governorate,2367
Helmand Province,2368
Maryland,2369
Osh Region,2370
Grand'Anse Department,2371
Campeche,2372
Annaba Province,2373
Vest-Agder,2374
Cabinda Province,2375
Analanjirofo,2376
Iwate Prefecture,2377
Lusaka Province,2378
Andrijevica Municipality,2379
Gegharkunik Province,2380
Jönköping County,2381
Yaroslavl Oblast,2382
Karuzi Province,2383
Ma'an Governorate,2384
Sham Shui Po District,2385
Bremen,2386
Tissemsilt Province,2387
Savinja Statistical Region,2388
Pahang,2389
Carinthia Statistical Region,2390
Lori Province,2391
Haute-Normandie,2392
Bình Định Province,2393
Maniema,2394
Thüringen,2395
San Salvador and Rum Cay,2396
Chuquisaca Department,2397
Marquesas Islands,2398
Riau Islands Province,2399
Soriano Department,2400
Îles Tuamotu-Gambier,2401
Shusha,2402
Mato Grosso do Sul,2403
Surin,2404
East Sepik Province,2405
Luanda Province,2406
North Denmark Region,2407
Región Autónoma del Atlántico Sur,2408
Phetchaburi,2409
Upper East Region,2410
Jiangxi,2411
Moca,2412
Aibonito,2413
Maine,2414
Hà Giang Province,2415
Bocas del Toro Province,2416
Margibi County,2417
Yangon,2418
Gharbia Governorate,2419
Saint Paul Parish,2420
Sud Department,2421
Burgenland,2422
Olancho Department,2423
West Nusa Tenggara,2424
Fogo,2425
Southern District ,2426
Mafeteng District,2427
Kouffo Department,2428
Quebec,2429
Kebbi State,2430
Dagestan,2431
Federally Administered Tribal Areas,2432
Bangka–Belitung Islands,2433
Lääne County,2434
Nord-Est Department,2435
Guanacaste Province,2436
Tovuz District,2437
Anhui,2438
Choluteca Department,2439
Bolikhamsai Province,2440
Saïda Province,2441
Ouaka,2442
Hà Tĩnh Province,2443
San José Department,2444
Ternopil Oblast,2445
Katanga,2446
Ivanovo Oblast,2447
Lagos State,2448
Trang,2449
Masovian Voivodeship,2450
Lower Juba,2451
Port Louis District,2452
Tahoua Region,2453
Sabana Grande,2454
La Paz Department,2455
Ciudad Autónoma de Buenos Aires,2456
Dajabón Province,2457
Tarapacá Region,2458
Potaro-Siparuni,2459
Nam Định Province,2460
Jutiapa Department,2461
Obock Region,2462
Sucumbíos Province,2463
Gambela Region,2464
Harbour Island,2465
Ailinglaplap Atoll,2466
Mont Buxton,2467
San Juan Province (Dominican Republic),2468
Styria,2469
Bács-Kiskun County,2470
Warmian-Masurian Voivodeship,2471
Chubut,2472
Encamp,2473
Utah,2474
Federal District,2475
Saint George,2476
Guayanilla,2477
Emirate of Ajman,2478
Adamawa Region,2479
Appenzell Ausserrhoden,2480
Hidalgo,2481
Nayarit,2482
North Central Province,2483
Veraguas Province,2484
Napo Province,2485
Bundibugyo District,2486
Sonora,2487
Zhemgang District,2488
Patillas,2489
Mubarak Al-Kabeer Governorate,2490
Kütahya Province,2491
Niğde Province,2492
Anseba Region,2493
Municipality of Češinovo-Obleševo,2494
South Kazakhstan Region,2495
Castilla-La Mancha,2496
Kemerovo Oblast,2497
Enugu State,2498
Kufra District,2499
Daman and Diu,2500
Lara,2501
Point Fortin,2502
Badakhshan Province,2503
Southern Region,2504
Kouilou Department,2505
Saint Paul Capisterre,2506
Bosilovo Municipality,2507
Chungcheongnam-do,2508
Panamá Province,2509
Lakshadweep,2510
Šiauliai County,2511
Phuket,2512
Haʻapai,2513
Päijät-Häme,2514
Norðoyar,2515
Uaboe District,2516
Kostroma Oblast,2517
Podlaskie Voivodeship,2518
Marsh Harbour,2519
Bihar,2520
Yamaguchi Prefecture,2521
Uttaradit,2522
Petnjica Municipality,2523
Vientiane Prefecture,2524
Naâma Province,2525
Asyut Governorate,2526
Equateur,2527
Kossi,2528
Aksaray Province,2529
Neuquén,2530
Táchira,2531
Ningxia,2532
Totonicapán Department,2533
Franche-Comté,2534
Uşak Province,2535
Cortés Department,2536
Junín Region,2537
Tambov Oblast,2538
Drenthe,2539
Yasothon,2540
Tamaulipas,2541
West Pomeranian Voivodeship,2542
Ionian Islands (region),2543
Masvingo Province,2544
Hakkâri Province,2545
Ica Region,2546
Vysočina Region,2547
Lisbon District,2548
Cat Island,2549
Komárom-Esztergom County,2550
Nagano Prefecture,2551
Dhaka Division,2552
Tennessee,2553
Kampong Chhnang Province,2554
Goa,2555
Mato Grosso,2556
Saint Ann Parish,2557
Budva Municipality,2558
Takamaka,2559
Quảng Trị Province,2560
Juana Díaz,2561
Berat County,2562
Grand Cayman,2563
Nitra Region,2564
Canton of Nidwalden,2565
Nan,2566
South Moravian Region,2567
Northland Region,2568
Santa Ana Department,2569
Commewijne District,2570
Tacna Region,2571
Arad County,2572
Tiris Zemmour Region,2573
Zuid-Holland,2574
Bordj Bou Arréridj Province,2575
Al Hudaydah Governorate,2576
Centro Sur Province,2577
Northern Aegean,2578
Kasai-Oriental,2579
Tutong District,2580
Sud-Kivu,2581
São Vicente,2582
East Berbice-Corentyne,2583
Borgou Department,2584
Rio Claro-Mayaro Regional Corporation,2585
Pointe La Rue,2586
Saint Petersburg,2587
Arroyo,2588
Canóvanas,2589
Fujairah,2590
Agstafa District,2591
Bamyan Province,2592
Tandjilé Region,2593
Kitgum District,2594
Salima District,2595
Putrajaya,2596
Kanagawa Prefecture,2597
Nangarhar Province,2598
Gotland County,2599
Sud-Bandama,2600
Trabzon Province,2601
Uíge Province,2602
Al Madinah Region,2603
Tillabéri Region,2604
Khanty-Mansi Autonomous Okrug,2605
Florești District,2606
Alba County,2607
Maha Sarakham,2608
Cataño,2609
Aïn Témouchent Province,2610
Mtwara,2611
Sóc Trăng Province,2612
Ouham-Pende,2613
Pskov Oblast,2614
Krasnoyarsk Krai,2615
Ordino,2616
Žilina Region,2617
Sükhbaatar Province,2618
Vasilevo Municipality,2619
Saint John Figtree,2620
Bizerte Governorate,2621
Namibe Province,2622
Masaya Department,2623
Iğdır Province,2624
Saatly District,2625
Farah Province,2626
Kičevo Municipality,2627
Tuyên Quang Province,2628
Hsinchu,2629
Adjuntas,2630
Diekirch District,2631
Al Wakrah,2632
Santa Isabel,2633
Baku,2634
Tekirdağ Province,2635
Kastamonu Province,2636
High Rock,2637
Karaganda Region,2638
Kindia Region,2639
Kigoma,2640
Arauca,2641
Carinthia,2642
Sonsonate Department,2643
Ouest Department,2644
Muş Province,2645
Levelwood,2646
Puntarenas Province,2647
Kostanay Region,2648
Benghazi,2649
Klaipėda County,2650
Savannakhet Province,2651
Prahova County,2652
Oyo State,2653
Berane Municipality,2654
Aomori Prefecture,2655
Cluj County,2656
Kisoro District,2657
Brong-Ahafo Region,2658
Herrera Province,2659
Moxico Province,2660
Požega-Slavonia County,2661
Jura,2662
Copán Department,2663
Yucatán,2664
Bến Tre Province,2665
Shkodër County,2666
Kalmykia,2667
Khammouane Province,2668
Mogilev Region,2669
Åland Islands,2670
Salzburg,2671
Chimborazo Province,2672
Kogi State,2673
Castries,2674
Mura Statistical Region,2675
Aquitaine,2676
Florida,2677
Gjirokastër County,2678
Bayankhongor Province,2679
Suðuroy,2680
Tavush Province,2681
Oran Province,2682
Ponce,2683
Veliko Tarnovo Province,2684
Carolina,2685
Ngozi Province,2686
North-East District,2687
San Pedro Department,2688
Oio Region,2689
Savanes ,2690
Bern,2691
Attica (region),2692
Northern Ostrobothnia,2693
Telšiai County,2694
Togdheer,2695
Toyama Prefecture,2696
Loyalty Islands,2697
Hainan,2698
Morogoro,2699
Nakhon Sawan,2700
Chiapas,2701
Sarawak,2702
Bjelovar-Bilogora County,2703
Béjaïa Province,2704
Bình Phước Province,2705
Zonguldak Province,2706
Västmanlands Län,2707
Duarte Province,2708
Nenets Autonomous Okrug,2709
Central and Western District,2710
San Marcos Department,2711
Johor,2712
Ben Arous Governorate,2713
Zrnovci Municipality,2714
Addis Ababa,2715
Navarra,2716
Chernivtsi Oblast,2717
Tanga,2718
Vaavu Atoll,2719
Meghalaya,2720
Batna Province,2721
Selangor,2722
Zanzibar Urban,2723
Kasungu District,2724
Ad Dali' Governorate,2725
Kjosarsysla,2726
Mchinji District,2727
Saint James Windward,2728
Dubai,2729
South Region,2730
Karachay-Cherkessia,2731
Santa Cruz,2732
Delhi,2733
Sandy Bay,2734
Brokopondo District,2735
Ha'il Region,2736
Sabha District,2737
Municipality of Aerodrom,2738
Beirut Governorate,2739
Kōchi Prefecture,2740
Anenii Noi District,2741
Vichada,2742
Ghat District,2743
Cordillera Department,2744
Mambere-Kadei,2745
Bình Dương Province,2746
Kaohsiung,2747
Bulawayo,2748
Vakinankaratra,2749
Nzérékoré Region,2750
Teleorman County,2751
Cusco Region,2752
Houet,2753
Aysén Region,2754
Sucre,2755
Abia State,2756
Brava,2757
Jerash Governorate,2758
Aïn Defla Province,2759
Ganzourgou,2760
Saint Joseph Parish,2761
Rivas Department,2762
Rarotonga,2763
Viljandi County,2764
Aguas Buenas,2765
Louisiana,2766
Barbuda,2767
Absheron District,2768
Quba Rayon,2769
Gunma Prefecture,2770
Bayern,2771
Bukedea District,2772
Auvergne-Rhône-Alpes,2773
County Mayo,2774
Perm Krai,2775
Itasy Region,2776
Acre (state),2777
Podgorica Capital City,2778
Qashqadaryo Region,2779
Trenčín Region,2780
Rio Grande do Sul,2781
Bratislava Region,2782
Kyrenia District,2783
Telangana,2784
Choiseul Province,2785
Uvs Province,2786
Rivers State,2787
Naguabo,2788
Saint Michael,2789
Luang Prabang Province,2790
Likoma District,2791
Okayama Prefecture,2792
Phrae,2793
Santiago Province,2794
Strumica Municipality,2795
Monte Plata Province,2796
Koulikoro Region,2797
Sogn og Fjordane,2798
Andhra Pradesh,2799
Maidan Wardak Province,2800
Smolensk Oblast,2801
Fujian,2802
Rangpur Division,2803
Harju County,2804
Bashkortostan,2805
Sandaun Province,2806
Zanzan,2807
Budapest,2808
Wasit Governorate,2809
Gümüşhane Province,2810
Zacapa Department,2811
Mykolaiv Oblast,2812
Plateau State,2813
Akwa Ibom State,2814
Murqub District,2815
Dornod Province,2816
Ogooué-Lolo Province,2817
'Amran Governorate,2818
Pando Department,2819
Ad Dakhiliyah Governorate,2820
Saraburi,2821
Tearce Municipality,2822
Jamestown,2823
Nyanza Province,2824
Lunda Norte Province,2825
Fajardo,2826
Tapoa,2827
Kowloon City District,2828
Kef Governorate,2829
Chiang Mai,2830
Balıkesir Province,2831
Salto Department,2832
Santiago del Estero,2833
Sakon Nakhon,2834
Granada Department,2835
Trnava Region,2836
Donga Department,2837
Pays de la Loire,2838
Bay of Plenty Region,2839
Maule Region,2840
Sylhet Division,2841
County Clare,2842
Bazega,2843
Omaheke Region,2844
Shizuoka Prefecture,2845
Vaslui County,2846
Alabama,2847
Enga Province,2848
Surxondaryo Region,2849
Kaolack Region,2850
Temburong District,2851
San Martín Region,2852
Takhar Province,2853
Devonshire Parish,2854
Dublin,2855
Inhambane Province,2856
Mauke,2857
Municipality of Aračinovo,2858
Rabat-Salé-Zemmour-Zaer,2859
Edo State,2860
San Juan-Laventille Regional Corporation,2861
Muramvya Province,2862
Niari Department,2863
Mwaro Province,2864
Tavastia Proper,2865
Ryazan Oblast,2866
Haa District,2867
Brussels,2868
Banaadir,2869
Anzoátegui,2870
Lazio,2871
South Sinai Governorate,2872
Portland Parish,2873
Shamakhi District,2874
Seno,2875
Gomel Region,2876
Quebradillas,2877
North Region,2878
Mondulkiri Province,2879
Aguada,2880
Qena Governorate,2881
Jewish Autonomous Oblast,2882
Uthai Thani,2883
Khmelnytskyi Oblast,2884
Çanakkale Province,2885
Christ Church Nichola Town,2886
Jeju-do,2887
Oum El Bouaghi Province,2888
Mzimba District,2889
Kyoto Prefecture,2890
Phnom Penh,2891
Kosi Zone,2892
Siirt Province,2893
Lahij Governorate,2894
Lào Cai Province,2895
Murmansk Oblast,2896
Gisborne District,2897
Moyen-Comoé,2898
Beheira Governorate,2899
Bursa Province,2900
Provence-Alpes-Côte d'Azur,2901
Rio de Janeiro (state),2902
Hardap Region,2903
Bihor County,2904
Jigawa State,2905
Saskatchewan,2906
Naftalan,2907
Wales,2908
Distrito Federal,2909
Triesenberg,2910
Irrawaddy,2911
Delaware,2912
Gyeongsangnam-do,2913
Paraíba,2914
Trongsa District,2915
Zinder Region,2916
Arua District,2917
California,2918
Old Royal Capital Cetinje,2919
Saint-Louis Region,2920
Chimbu Province,2921
Zomba District,2922
Pathum Thani,2923
Gifu Prefecture,2924
Southeast Sulawesi,2925
Bururi Province,2926
Novgorod Oblast,2927
Androy,2928
Amazonas Region,2929
Puno Region,2930
Shida Kartli,2931
Apac District,2932
Galway,2933
Aktobe Region,2934
Sanmatenga,2935
Ingushetia,2936
Pljevlja Municipality,2937
South Governorate,2938
West Bank,2939
Marahoué,2940
Molise,2941
Mississippi,2942
Greater Poland Voivodeship,2943
Haa Dhaalu Atoll,2944
Zamfara State,2945
Bialystok,2946
Río San Juan Department,2947
Brvenica Municipality,2948
Sofala Province,2949
Mayuge District,2950
Pursat Province,2951
Pemba South,2952
Saint Clement,2953
Long An Province,2954
Andalucía,2955
Luxor Governorate,2956
Hải Dương Province,2957
Ocnița District,2958
Katakwi District,2959
Butha-Buthe District,2960
Gaza Province,2961
Lozovo Municipality,2962
Leribe District,2963
Treinta y Tres Department,2964
Lunda Sul Province,2965
Eschen,2966
Arima,2967
Hiran,2968
Adıyaman Province,2969
Rhône-Alpes,2970
Stavropol Krai,2971
New York,2972
Bolivar,2973
Itapúa Department,2974
Governor's Harbour,2975
Rapla County,2976
Phú Yên Province,2977
Khon Kaen,2978
Nantou,2979
Eastern Division,2980
Tasmania,2981
Chachoengsao,2982
Jinotega Department,2983
Marche,2984
Maysan Governorate,2985
Finnmark,2986
Tororo District,2987
Bago Region,2988
Dire Dawa,2989
Niedersachsen,2990
Manchester Parish,2991
Eastern Visayas,2992
Mangaia,2993
Phitsanulok,2994
Woleu-Ntem Province,2995
Bacău County,2996
Tyrol,2997
Yevlakh District,2998
Woqooyi Galbeed,2999
East Kalimantan,3000
Agnéby,3001
Mingachevir,3002
Kouritenga,3003
Tiaret Province,3004
Hatay Province,3005
Kampala District,3006
Cordillera Administrative Region,3007
Manus Province,3008
Cochabamba Department,3009
Saladin Governorate,3010
Chitipa District,3011
Lac Region,3012
Leraba,3013
Zou Department,3014
Lékoumou Department,3015
Baghdad Governorate,3016
Borno State,3017
Brăila County,3018
Nouakchott,3019
Sal,3020
Shan State,3021
Songkhla,3022
Monaco City,3023
Bafatá Region,3024
Nakaseke District,3025
Scotland,3026
Pembroke Parish,3027
Tungurahua Province,3028
Gia Lai Province,3029
Himachal Pradesh,3030
Xorazm Region,3031
Tindouf Province,3032
Nimba County,3033
Taraba State,3034
Illizi Province,3035
Nordrhein-Westfalen,3036
Béchar Province,3037
Balaka District,3038
Quinara Region,3039
Caraș-Severin County,3040
Peloponnese (region),3041
Ras al-Khaimah,3042
Sourou,3043
Lviv Oblast,3044
Lima Region,3045
Hadhramaut Governorate,3046
Ibb Governorate,3047
Nagasaki Prefecture,3048
Sarpang District,3049
Grevenmacher District,3050
Falcón,3051
Western Macedonia,3052
Southampton Parish,3053
Haute-Kotto,3054
Mizoram,3055
Almaty Region,3056
Vargas,3057
Bujumbura Rural Province,3058
Logone Occidental Region,3059
Nippes Department,3060
Samegrelo-Zemo Svaneti,3061
Yoro Department,3062
Nova Scotia,3063
Nueva Segovia Department,3064
Sud-Est Department,3065
Issyk Kul Region,3066
Sirte District,3067
Hunan,3068
Cahul District,3069
Somogy County,3070
Orientale,3071
Dondușeni District,3072
Mopti Region,3073
Northern Cape,3074
Rivne Oblast,3075
Nong Khai,3076
Gaziantep Province,3077
Heilongjiang,3078
Khyber Pakhtunkhwa,3079
Okinawa Prefecture,3080
Tartu County,3081
Victoria,3082
Mandalay,3083
Cabo Rojo,3084
Masindi District,3085
Giresun Province,3086
Thái Nguyên Province,3087
Kratovo Municipality,3088
Shiselweni Region,3089
New South Wales,3090
Imishli District,3091
Chungcheongbuk-do,3092
Hradec Králové Region,3093
Henan,3094
Thessaly,3095
Jalilabad District,3096
Los Santos Province,3097
Tauragė County,3098
Gobustan District,3099
Šibenik-Knin County,3100
Lhuntse District,3101
Hadjer-Lamis Region,3102
Barisal Division,3103
Struga Municipality,3104
Oregon,3105
Northern Red Sea Region,3106
Mahakali Zone,3107
Kasai-Occidental,3108
Kgalagadi District,3109
Rîșcani District,3110
Overijssel,3111
Umbria,3112
Saint Anthony,3113
Tashkent Region,3114
Huancavelica Region,3115
Hauts-de-France,3116
Kronoberg County,3117
Manabí Province,3118
Port Said Governorate,3119
Kanem Region,3120
Western Area,3121
Ostrobothnia (region),3122
Khachmaz District,3123
Udon Thani,3124
Bamingui-Bangoran,3125
Atsinanana,3126
Gilgit-Baltistan,3127
San Pedro de Macorís Province,3128
Saint Andrew,3129
Bongolava,3130
Northwest Territories,3131
Huehuetenango Department,3132
Moscow,3133
Rivercess County,3134
Alsace,3135
Middle Shebelle,3136
Federal Dependencies of Venezuela,3137
Auckland Region,3138
Targovishte Province,3139
Jambyl Region,3140
Montana Province,3141
Skierniewice,3142
Ahuachapán Department,3143
Suez Governorate,3144
Saxony-Anhalt,3145
Burgas Province,3146
Hiroshima Prefecture,3147
Al Khor,3148
Chiesanuova,3149
Kentucky,3150
San Luis,3151
Saint Lucy,3152
Qabala District,3153
Qinghai,3154
Vitebsk Region,3155
West Bengal,3156
County Longford,3157
Kotayk Province,3158
Cantabria,3159
Magallanes y la Antártica Chilena Region,3160
Littoral Department,3161
Borgo Maggiore,3162
Kwun Tong District,3163
Negros Oriental,3164
Añasco,3165
Nichollstown and Berry Islands,3166
La Vega Province,3167
North Brabant,3168
Flores Department,3169
Fakaofo,3170
Socotra Governorate,3171
Braga District,3172
Racha-Lechkhumi and Kvemo Svaneti,3173
Inagua,3174
Passore,3175
Østfold,3176
New Ireland Province,3177
Kumanovo Municipality,3178
Sud-Comoé,3179
Beqaa Governorate,3180
Mimaropa,3181
Novaci Municipality,3182
Akita Prefecture,3183
Criuleni District,3184
Caldas,3185
La Guajira,3186
Antioquia,3187
Đồng Tháp Province,3188
Maseru District,3189
